Conference,Survey #,Q1,Q1 Other,Q2.1,Q2.2,Q2.3,Q2.4,Q2.5,Q2.6,Q2.7,Q2.8,Q2 Other,Q3,Q3 Other,Q4,Q5,Q6,Q7,Q8,Q9.1,Q9.2,Q9.3,Q9.4,Q9.5,Q9.6,Q9.7,Q9.8,Q9.9,Q9 Other,Q10,Q11,Q12.1,Q12.2,Q12.3,Q12.4,Q12.5,Q12.6,Q12.7,Q12.8,Q12.9,Q12 Other,Q13,Q14,Q15.1,Q15.2,Q15.3,Q15.4,Q15.5,Q15.6,Q15.7,Q15.8,Q15.9,Q15 Other,Q16,Q17,Q18.1,Q18.2,Q18.3,Q18.4,Q18.5,Q18.6,Q18.7,Q18.8,Q18.9,Q18 Other,Q19,Q20,Q21,Q22.1,Q22.2,Q22.3,Q22.4,Q23
A,1,7,Farm Manager,0,0,0,1,1,0,0,0,,1,,4,4,4,5,4,0,1,0,1,NA,2,2,0,0,We have 2 miles of Winooski Riverfront,4,4,0,1,1,1,1,0,0,1,1,We have deep floodwaters over the entire plain,4,5,0,1,0,1,2,0,2,0,1,,5,4,1,2,1,2,2,2,2,0,0,We are already doing it,4,5,1,2,2,2,2,The simulations are great. A very good way to communicate information and stimulate discussion. 
A,2,7,Consumer,NA,NA,NA,NA,NA,NA,NA,NA,NA,NA,,NA,NA,NA,5,4,1,1,1,1,2,0,0,1,2,,5,4,0,1,0,0,2,1,1,0,2,,5,4,1,1,1,0,1,1,1,1,2,,4,4,1,1,1,1,2,1,NA,1,NA,,4,6,1,2,2,2,2,
A,3,1,,1,1,0,1,0,0,0,0,,2,,3,3,3,4,NA,2,2,2,2,1,2,1,1,0,,4,4,0,0,0,0,2,1,0,0,1,,4,4,0,1,0,1,1,1,1,1,1,,4,4,1,1,0,0,2,2,2,0,0,,4,4,1,2,2,1,2,Because of soil types and the seasonal effects some of the solutions work for some seasons but may cause unintended consequences at others
A,4,1,,1,0,0,1,0,0,0,0,,4,,3,3,3,4,4,1,1,2,2,2,2,1,0,1,,3,4,0,1,0,1,2,1,1,1,2,,4,3,0,1,0,2,2,2,2,1,2,,4,4,2,2,2,2,2,1,2,0,0,,4,4,2,2,1,2,2,Using no-till on cropland is a big improvement
A,5,2,,1,0,0,1,0,0,0,0,,1,,2,4,3,4,4,NA,NA,NA,NA,NA,NA,NA,NA,NA,,4,4,NA,NA,NA,NA,NA,NA,NA,NA,NA,,4,4,NA,NA,NA,NA,NA,NA,NA,NA,NA,,5,4,1,1,1,2,2,1,2,0,0,,4,4,2,2,2,2,2,I'm currently seriously considering silvopasture
A,6,1,,1,0,1,0,0,0,0,0,,1,,3,4,4,4,5,0,1,1,1,2,2,1,0,0,,4,4,0,1,1,1,2,2,2,0,0,,3,5,0,0,1,1,2,1,1,0,0,,3,5,0,0,1,1,2,1,2,0,0,,4,4,2,2,2,1,1,
A,7,7,"Writer, Center for Sustainable Medicine",NA,NA,NA,NA,NA,NA,NA,NA,,2,,4,4,5,5,2,2,2,2,2,1,2,0,NA,NA,,3,NA,NA,NA,NA,NA,NA,NA,NA,NA,NA,,4,4,0,1,0,1,2,0,0,NA,NA,,4,4,2,1,1,2,NA,0,0,0,NA,,4,4,1,2,2,2,2,Buffer zone is not large enough
A,8,1,,0,1,0,1,0,0,0,0,in the future,2,,3,4,3,5,4,1,1,1,1,2,2,2,0,0,,5,4,1,1,1,1,2,2,1,0,0,,4,4,1,1,1,2,2,1,0,0,0,,3,4,2,2,0,0,1,2,0,1,0,,2,3,2,2,2,2,1,SteveSchubert@gmail.com - VTC
A,10,4,,NA,NA,NA,NA,NA,NA,NA,NA,,1,,3,4,5,5,4,1,1,0,0,2,2,1,0,0,Effects on productions,4,4,0,1,0,1,2,1,1,1,NA,,4,5,0,0,0,0,2,NA,1,0,0,Cost of removing land from production,4,4,1,0,1,0,2,0,0,1,0,Do we know all the impacts on production and land mgmt of this practice,4,NA,NA,NA,NA,NA,NA,
A,11,3,,NA,NA,NA,NA,NA,NA,NA,NA,,3,,4,4,4,1,4,2,2,1,1,1,1,1,0,0,,4,4,0,0,0,0,2,2,1,0,0,,4,4,1,1,1,1,2,1,1,0,0,,4,4,1,1,1,1,2,2,2,0,0,,4,4,1,2,2,2,2,
A,12,2,,1,0,1,1,1,1,1,1,pasture/hay/grassland,2,,4,3,3,4,4,0,0,0,0,1,1,0,1,1,,4,2,0,0,0,0,1,1,0,1,1,,4,4,0,0,0,0,2,1,0,1,1,,4,3,0,0,0,0,2,1,1,1,1,,3,3,2,1,2,2,2,"Good tools at specific decision points - need strong investment developing relationships with landowners, farmers and larger community, on-going non-regulatory pressures, working for economic viability of each farm as well as ecological benefits. Great opportunity for private-public-industry collaborations."
A,14,1,,0,1,0,1,0,0,0,0,,3,,3,4,4,4,4,1,2,1,2,2,1,2,0,0,,4,5,0,1,0,1,2,1,2,0,1,,5,4,0,1,0,1,2,0,1,0,1,,5,2,0,0,0,0,2,1,1,1,0,"Why not tree cropping for mast products ie, nuts, apples. I am also concerned with straight line planting. Contour planting seems feasible while still considering harvesting and other related activities. ",4,5,1,1,2,2,1,
A,15,1,,1,0,0,1,0,0,0,1,Hay,2,,1,5,3,4,4,0,0,0,0,2,0,1,0,0,,4,4,0,2,0,2,2,0,1,0,0,,4,4,0,0,0,0,2,0,1,0,0,,5,4,0,0,0,0,2,0,0,0,0,,4,4,2,0,2,2,2,Image and reading info compliment each other. Thank you
A,16,7,Farm Laborer,NA,NA,NA,NA,NA,NA,NA,NA,,1,,2,4,4,4,3,1,2,0,1,2,1,1,0,1,,4,2,0,1,1,2,2,1,1,1,1,,4,3,1,2,0,2,2,1,1,0,0,,4,3,1,1,1,1,2,1,1,0,0,,2,3,2,2,2,2,2,I think the visualizations weren't too helpful for me because I already understand these concepts. I bet they would be extremely useful to a new audience. 
A,18,4,,NA,NA,NA,NA,NA,NA,NA,NA,,1,,3,4,4,5,4,0,1,0,0,1,1,0,NA,NA,,4,4,0,0,0,0,1,0,0,1,1,Farmers often implement tile w/o constructed wetland…issues w/ P in tile is a consideration. More info on cost/maintenance of wetland,5,4,0,0,0,0,1,1,0,1,0,,4,4,1,1,0,0,1,0,0,1,1,"Until today, I didn't know a lot about silvopasture",4,3,2,2,2,2,2,"I really like the visuals. Additionally--word bubbles describing practice--basic theory, cost"
A,19,1,,0,1,0,0,0,0,0,0,,2,,3,4,3,5,5,0,0,0,0,2,1,1,0,0,,5,4,0,0,0,0,2,1,1,0,0,,5,5,0,0,0,0,2,1,1,0,0,,5,5,0,0,0,0,2,1,1,0,0,,4,3,1,2,NA,NA,NA,the simulation is a little confusing--are there covers over the crops or is that water in the field. Otherwise great presentation.
A,21,7,Fertilizer Vendor,1,0,0,0,0,0,0,0,Chickens,3,,2,3,5,3,4,0,0,0,0,1,0,0,0,1,,4,NA,NA,NA,NA,NA,NA,NA,NA,NA,NA,,NA,4,1,1,1,1,2,1,1,0,1,,4,4,0,1,0,1,2,1,1,0,1,,4,4,1,2,2,2,2,
A,22,1,,0,1,0,1,0,0,0,0,,3,,4,2,3,3,4,1,0,1,0,2,2,1,1,1,Short duration grazing can result in a fibrous root system,3,4,1,1,1,1,2,2,2,0,1,,4,4,0,0,0,0,1,2,1,0,0,,4,4,1,1,1,1,1,0,2,0,0,,4,3,1,0,2,0,0,
B,23,1,,1,0,0,1,1,0,0,0,,2,,3,2,3,4,4,0,0,0,0,NA,1,1,0,0,,4,4,0,0,0,0,2,1,1,0,0,,4,4,0,0,0,0,2,1,1,0,1,,3,4,0,0,0,0,2,1,1,1,1,,3,3,1,2,2,2,0,
B,24,7,Future farmer/homesteader,NA,NA,NA,NA,NA,NA,NA,NA,,5,Virginia,2,3,4,4,5,1,2,0,1,2,1,1,0,0,,4,3,0,1,0,0,1,0,0,1,1,,4,4,0,1,0,1,2,0,0,0,0,,3,3,0,0,1,0,2,0,0,1,1,,4,3,1,2,2,2,1,
B,25,3,,NA,NA,NA,NA,NA,NA,NA,NA,,,,NA,3,5,4,5,0,2,1,1,2,2,2,0,0,,1,4,0,2,1,2,2,2,2,0,0,,5,5,0,2,2,2,2,2,2,0,0,,4,4,0,2,2,2,2,2,2,0,0,,4,4,1,2,2,2,2,
B,26,3,,0,0,1,1,1,0,1,0,,1,,4,4,4,5,5,0,2,0,2,2,1,1,0,0,,5,5,0,1,0,1,2,2,1,0,0,,5,5,0,1,0,1,2,0,0,0,0,,5,5,2,2,2,2,2,2,1,0,0,,4,5,2,2,2,2,2,
B,27,1,,0,1,0,1,0,0,0,0,,1,,3,4,4,5,4,0,1,1,1,2,1,2,0,0,,5,5,0,2,0,2,2,1,2,0,0,,5,5,0,1,0,2,2,1,2,0,0,,5,5,1,1,1,1,2,2,2,0,0,,4,4,2,2,2,2,2,Thanks!
B,28,1,,1,0,0,0,1,0,0,0,,1,,3,4,4,4,4,0,1,0,1,2,1,1,0,1,,4,4,0,1,1,1,2,2,2,0,0,,1,4,1,2,2,2,2,2,NA,0,0,,5,5,1,,2,2,2,1,2,0,0,,4,4,2,2,2,2,2,
B,29,1,,0,1,1,1,1,0,0,0,Looking to buy land,2,,2,3,3,1,4,0,0,1,1,2,2,2,0,0,,4,5,0,0,1,1,2,2,2,0,0,,5,5,0,0,1,1,2,2,2,0,0,,5,5,0,0,1,1,2,2,2,0,0,,4,4,1,1,2,2,2,
B,30,2,,1,0,0,0,1,1,1,1,Flowers,2,,3,3,2,3,4,NA,NA,NA,NA,NA,NA,NA,NA,2,,1,4,NA,NA,NA,NA,NA,NA,NA,NA,2,,4,4,2,2,2,2,0,0,2,0,NA,,4,4,NA,NA,NA,NA,NA,NA,NA,NA,2,,4,3,1,1,2,0,1,
B,32,1,,0,1,0,1,1,0,1,0,,1,,3,4,4,5,5,0,0,0,1,1,0,0,1,2,,3,2,0,0,0,0,2,0,0,1,2,,5,4,0,2,0,1,2,1,1,0,0,,5,5,0,1,0,0,1,1,2,0,0,,4,5,1,2,2,2,2,It's very effective to show a damaged field and the proposed change (#2). Should do that in the first pic on #3
B,33,2,,1,0,1,0,1,1,0,0,,2,,3,4,4,5,5,1,2,0,1,1,1,1,0,0,,5,5,1,1,0,1,1,1,1,0,0,,5,5,0,1,0,1,1,1,1,0,2,,5,5,0,2,0,2,2,1,1,0,0,,4,4,1,2,2,2,1,
B,34,1,,1,0,0,1,0,0,0,0,,2,,4,4,4,5,5,0,1,1,1,2,2,1,0,1,,5,5,0,1,1,1,2,1,1,0,1,,5,5,0,1,0,1,2,2,2,0,1,,4,4,0,0,0,0,2,1,1,NA,NA,May not be best/most effective practice due to difficulty establishing while still grazing area.,4,3,1,2,2,2,1,
B,35,7,Lender,NA,NA,NA,NA,NA,NA,NA,NA,,1,,4,4,4,4,4,0,2,0,2,2,0,0,0,2,,4,4,0,0,0,0,2,0,0,0,2,,4,4,0,0,0,0,2,0,0,0,2,,2,4,0,0,0,0,0,0,0,2,2,,4,3,2,2,2,1,1,
B,36,7,Lawyer,NA,NA,NA,NA,NA,NA,NA,NA,,2,,2,4,5,4,4,1,2,0,2,1,1,2,0,NA,,3,2,0,0,0,0,2,0,0,1,NA,,5,4,0,1,1,1,2,1,2,0,NA,,4,2,1,2,1,2,2,1,2,0,NA,,4,6,2,2,0,2,2,
B,37,4,,NA,NA,NA,NA,NA,NA,NA,NA,,1,,3,4,5,5,5,1,2,0,2,2,1,1,0,0,People need a plant list from which to choose from when implementing,5,5,0,0,0,1,2,0,1,0,0,Needs to be carefully engineered to work/drain properly,5,5,0,2,0,2,2,0,0,0,0,,5,5,0,0,0,0,2,0,1,0,0,,4,5,1,2,2,2,2,But you still need some words too. People look at pictures much more readily than read text. These pics tell a huge part of the story. Great idea!
B,38,2,,1,0,0,0,0,0,0,1,diversified,1,,4,4,3,1,1,1,2,1,1,2,1,1,0,1,,3,4,0,1,0,2,1,0,0,1,1,,4,1,1,1,0,0,2,0,0,1,0,,1,4,0,1,0,2,2,NA,NA,NA,NA,,NA,4,1,2,2,2,2,
B,40,4,,NA,NA,NA,NA,NA,NA,NA,NA,,1,,3,4,5,5,5,0,1,1,2,2,2,0,0,0,Cost of crop not planted (opportunity cost) in that spot,5,5,0,0,1,1,2,0,0,0,0,trees roots in tiles?,5,5,0,0,0,0,2,1,0,0,0,,5,5,1,1,2,1,2,1,1,0,0,,4,4,1,2,2,2,1,Having a visualization is very effective!
B,41,7,Wannabe homesteader/landowner,1,0,0,0,0,0,0,0,,5,Split time between central VT and north of Boston,2,4,3,4,4,0,NA,0,0,NA,0,NA,1,2,,4,4,0,0,0,0,,0,0,1,0,,3,4,0,0,0,0,NA,0,0,1,2,concernswith agr runoff in the water,4,5,0,0,0,0,NA,0,0,0,2,,4,6,2,2,2,2,2,"As a landowner that leases fields for haying, I want to be aware of how the farmer and I can work together to maintain and improve the quality of the land. We are struggling with some fields being slow to drain more and more, pushing out the time the farmer can get equipment on the field so I find it relevant."
B,42,6,,NA,NA,NA,NA,NA,NA,NA,NA,,2,,3,4,5,5,5,1,2,1,2,2,2,2,0,1,,5,5,0,1,0,1,2,1,2,0,1,,5,5,1,1,1,1,2,1,2,0,0,,5,5,1,2,2,2,2,1,1,0,0,,4,6,1,2,2,2,2,
B,43,4,"NRCS-Soil Conservation Tech, Bennington, VT",NA,NA,NA,NA,NA,NA,NA,NA,,2,,3,4,4,1,1,0,1,0,1,1,0,0,0,0,"Pic is great ti visualize for landowner and others. Great tool! can present different scenarios too--ie. 20 vs. 40 trees, 50 vs. 100 ft buffer, different species, shrub/tree/herb",1,1,0,1,0,1,1,1,1,0,0,Great for showing  landowner what you are trying to explain.,4,1,0,0,0,0,1,0,0,1,1,,4,5,1,1,1,1,2,1,1,0,1,,4,5,1,2,2,2,2,"Great tool--pics of before/after onn other farms are useful, but seeign before/after on the particular farm considering implementing the BMP is much more useful!"
B,44,6,,NA,NA,NA,NA,NA,NA,NA,NA,,3,,2,4,5,5,4,1,2,0,1,2,2,2,0,2,,5,4,0,1,1,1,2,1,2,0,2,,5,5,0,1,0,1,2,1,1,0,2,,4,4,2,1,2,1,2,2,1,0,2,,4,6,2,2,2,2,2,
B,45,2,,1,0,0,0,1,0,0,0,,1,,NA,4,3,4,4,1,1,1,1,0,1,0,0,NA,,4,5,1,1,1,1,0,1,2,0,0,,5,5,1,1,1,1,0,1,2,0,0,,5,5,1,1,1,1,1,1,1,0,0,,4,5,1,2,2,2,2,
B,46,2,,1,0,0,0,0,0,0,0,,1,,3,4,5,5,5,0,1,NA,NA,0,0,0,0,2,,5,4,0,0,NA,NA,0,0,0,0,2,,5,1,0,NA,NA,NA,0,0,0,NA,2,,5,5,0,0,NA,NA,NA,0,0,0,2,,4,6,2,2,2,2,2,
B,47,2,,1,0,0,0,0,0,0,1,wannabe,2,,2,3,5,5,4,1,1,1,1,1,1,0,0,NA,,3,3,NA,NA,NA,NA,NA,NA,NA,NA,NA,,4,4,NA,NA,NA,NA,NA,NA,NA,0,2,,4,4,NA,NA,NA,NA,NA,NA,NA,NA,NA,,4,6,2,NA,NA,NA,NA,This is interesting and good to get folks thinking this way--when I have a permanent place I will use these techniques
B,48,2,Homeowner with small garden,1,0,0,0,1,0,0,0,,1,,3,4,5,5,5,1,2,1,2,2,1,1,0,0,"This is important for Hinesburg, where I live, as they figure out how to undertake growth projects",5,5,0,2,0,2,2,0,0,0,0,"Again, very helpful for Hinesburg growth planning",5,5,0,1,0,1,2,2,0,0,2,for Hinesburg growth,5,5,0,1,0,1,2,2,1,0,2,,4,5,1,2,2,2,2,I would love to have those practices presented to those creating growth scenarios in Hinesburg.
B,49,1,,1,0,0,1,1,0,0,0,,3,,3,4,3,4,3,0,0,0,0,2,NA,1,1,NA,Simulation very helpful,4,3,0,2,0,2,2,0,NA,0,0,,4,4,NA,NA,NA,NA,NA,0,0,NA,NA,,3,4,1,1,1,1,2,1,NA,1,NA,,4,NA,NA,NA,NA,NA,NA,
B,50,2,,1,0,0,0,0,0,0,0,,1,,3,4,5,1,4,0,1,0,1,2,2,1,0,2,,5,NA,0,1,0,1,2,0,0,0,2,I'm not a farmer,5,NA,1,1,1,1,2,2,2,0,2,,5,5,1,2,1,1,2,1,0,0,2,,4,NA,NA,NA,NA,NA,NA,
B,51,1,,0,0,1,1,1,0,0,0,,5,Chicago,3,4,4,5,4,0,0,0,0,2,1,2,0,0,Yay!,5,4,0,0,0,0,2,0,0,0,0,,5,4,0,0,0,0,2,0,2,0,0,,5,4,2,2,2,2,0,2,2,0,0,Yay!,4,3,1,2,2,2,2,
B,52,5,Gardener,1,0,0,0,1,0,0,1,Herbs,1,,3,4,5,5,4,0,1,0,1,2,2,2,0,1,,4,4,0,2,0,1,2,1,2,0,1,,4,4,0,1,0,1,2,1,2,0,1,,5,4,1,2,0,2,2,2,1,0,1,,4,4,1,2,2,2,2,
B,53,1,,1,1,0,0,0,0,0,0,,2,,4,4,4,5,5,1,2,2,1,2,1,2,0,0,,5,5,1,2,1,2,2,1,2,0,0,,5,5,1,2,1,2,2,1,2,0,0,,5,5,1,2,1,2,2,2,2,0,0,,4,5,2,2,2,2,2,
B,54,1,,1,0,1,0,0,0,0,0,,1,,3,4,4,4,5,0,1,1,1,2,1,1,0,0,,5,5,0,0,1,1,2,1,1,0,0,,5,5,0,1,1,1,2,1,1,0,0,,5,4,0,0,1,1,2,1,1,0,0,Draghosing from lagoon?,4,5,2,2,2,2,2,
B,55,6,,NA,NA,NA,NA,NA,NA,NA,NA,,3,,4,4,5,5,5,0,0,0,1,2,1,2,0,1,,5,4,0,0,0,1,1,0,0,1,2,,5,5,1,0,0,1,2,1,1,0,1,,5,5,0,1,0,1,2,2,2,0,1,,4,6,1,2,1,2,2,
B,56,7,Nursery/Restoration,NA,NA,NA,NA,NA,NA,NA,NA,,1,,3,4,4,1,1,0,0,0,0,2,0,0,0,NA,Distrust of USDA/NRCS/State Agencies,5,5,1,2,0,0,2,1,0,0,0,,5,4,0,2,0,2,2,0,0,0,0,,5,5,2,0,2,0,2,0,0,0,2,,4,5,1,2,2,2,2,It might be interesting to have a graphic under each of the photosimulations with the cost associated with each project.
B,57,6,,NA,NA,NA,NA,NA,NA,NA,NA,,3,,4,4,5,4,4,0,0,0,0,1,2,0,0,1,,4,2,1,0,0,0,1,0,1,1,1,,4,4,0,0,0,0,1,0,0,0,1,,4,4,1,1,0,0,1,0,0,0,1,,4,4,2,2,2,2,2,
B,58,7,Educator,NA,NA,NA,NA,NA,NA,NA,NA,,2,,2,4,5,1,4,0,2,0,1,2,1,1,0,2,,5,4,1,2,1,1,2,0,1,0,2,,5,5,2,2,1,2,2,2,1,0,2,,5,5,0,1,0,2,2,1,1,0,2,,4,5,1,2,2,2,2,
B,59,4,,NA,NA,NA,NA,NA,NA,NA,NA,,2,,4,3,5,4,4,2,2,1,2,2,1,2,0,1,,3,4,0,1,0,1,0,0,0,1,1,,4,4,0,0,0,0,0,0,0,0,0,,3,4,1,1,1,1,2,1,1,1,1,,4,4,1,2,1,2,2,
B,60,7,Gardener,1,0,0,0,0,0,0,0,,1,,3,4,5,4,4,NA,NA,NA,NA,NA,NA,NA,NA,NA,,NA,NA,NA,NA,NA,NA,NA,NA,NA,NA,NA,,NA,NA,NA,NA,NA,NA,NA,NA,NA,NA,NA,,NA,NA,NA,NA,NA,NA,NA,NA,NA,NA,NA,,NA,NA,NA,NA,NA,NA,NA,
B,61,7,Backyard 'Farmer',1,0,0,0,0,0,0,0,,3,,3,4,5,5,5,NA,NA,NA,NA,NA,NA,NA,NA,NA,,NA,NA,NA,NA,NA,NA,NA,NA,NA,NA,NA,,NA,NA,NA,NA,NA,NA,NA,NA,NA,NA,NA,,NA,NA,NA,NA,NA,NA,NA,NA,NA,NA,NA,,NA,NA,NA,NA,NA,NA,NA,
B,62,6,Gardener,NA,NA,NA,NA,NA,NA,NA,NA,,2,,3,4,NA,5,5,0,2,0,2,2,2,0,0,1,,5,5,0,0,0,0,2,0,0,0,1,,5,5,0,0,0,0,2,0,0,0,1,,5,5,0,0,0,0,2,0,0,0,1,,4,5,1,2,2,2,2,
B,63,7,Journalist,NA,NA,NA,NA,NA,NA,NA,NA,,2,,1,4,5,4,5,1,0,1,0,2,1,1,0,2,,3,4,0,0,0,0,2,1,1,1,2,,4,5,2,2,1,1,2,2,1,0,2,,5,5,0,2,1,1,2,1,0,0,2,,4,6,2,1,1,0,0,
B,64,7,Organic Farm Inspector,1,0,0,0,0,0,0,1,Home use only,1,,4,4,4,5,4,0,0,2,1,2,0,1,0,0,,4,4,0,0,0,0,2,0,1,0,0,,5,5,0,0,0,0,2,0,2,0,0,,5,5,0,0,0,0,2,0,0,0,0,,4,4,1,2,2,2,2,
B,65,2,,0,1,0,0,1,0,0,0,,3,,3,4,2,5,5,0,2,2,2,0,1,0,0,1,,5,5,1,2,1,2,2,1,1,0,1,,5,5,1,2,1,2,2,1,1,0,1,,5,5,1,2,1,2,2,1,0,0,1,,4,4,2,2,2,2,2,
B,66,5,,NA,NA,NA,NA,NA,NA,NA,NA,,2,,4,4,5,5,4,NA,NA,NA,NA,NA,NA,NA,NA,NA,,4,4,NA,NA,NA,NA,NA,NA,NA,NA,NA,,5,5,NA,NA,NA,NA,NA,NA,NA,NA,NA,,4,5,NA,NA,NA,NA,NA,NA,NA,NA,NA,,4,6,2,2,2,2,2,
B,67,6,,0,1,0,0,0,0,0,0,,3,"Brooklyn, NY",4,4,4,4,3,2,2,0,2,2,1,1,1,2,,4,3,1,0,1,1,2,2,1,1,1,,4,4,2,0,1,1,2,2,1,1,1,,4,4,2,0,1,1,2,1,1,2,NA,,4,6,1,2,2,2,2,
B,68,6,,NA,NA,NA,NA,NA,NA,NA,NA,,3,"Ithaca, NY",4,3,4,5,4,1,1,2,2,2,1,0,1,1,,5,5,0,1,1,2,2,1,0,0,0,,5,5,1,1,2,2,2,0,0,0,0,,5,5,1,1,1,2,2,0,1,0,0,Love silvopasturing!,4,3,1,2,2,2,2,
B,70,6,,NA,NA,NA,NA,NA,NA,NA,NA,,3,,2,4,2,4,5,0,1,1,1,2,2,2,0,0,,5,4,1,1,1,1,2,1,1,2,1,,4,5,0,0,0,0,1,2,1,0,0,,4,4,1,2,1,2,2,2,2,2,2,,4,3,1,1,2,2,2,
B,71,6,,NA,NA,NA,NA,NA,NA,NA,NA,,5,Maryland,3,4,3,4,4,1,2,2,2,2,1,1,0,2,,5,3,0,1,1,1,2,1,0,0,0,,4,5,1,1,1,1,2,2,2,0,0,,2,4,2,2,2,2,2,2,1,0,0,,4,4,2,2,2,2,2,
B,72,2,,1,0,0,0,0,0,0,0,,2,,4,4,4,5,5,0,2,1,2,2,2,2,0,0,,5,5,0,0,0,0,2,2,2,0,0,,5,5,2,2,2,2,2,2,2,0,2,,5,5,2,2,2,2,2,2,2,0,0,,4,5,1,2,2,2,2,
B,73,2,,1,0,0,0,0,0,0,0,,2,,3,3,3,4,5,0,2,1,1,0,1,1,1,1,,5,4,2,2,1,1,2,2,1,0,1,,4,4,2,2,2,2,2,2,2,0,2,,5,4,2,2,2,2,2,2,2,0,2,,4,4,2,2,2,2,2,
B,74,6,,NA,NA,NA,NA,NA,NA,NA,NA,,5,Colorado,3,4,5,5,5,2,2,0,2,2,2,1,0,2,,5,4,0,0,0,0,2,0,1,0,2,,5,5,0,1,0,1,2,1,1,0,2,,5,5,0,0,0,0,2,1,1,0,2,,4,6,2,2,2,2,2,"Very cool! Never seen agricultural projections like this before, makes green landscaping into a visibly exciting and goal-based project."
B,75,2,,1,0,0,1,1,1,1,1,forest products,3,,3,3,4,5,4,1,2,0,0,2,1,2,0,0,,3,4,0,2,0,1,2,2,2,1,2,,4,5,0,2,0,1,2,1,1,0,0,,5,5,1,2,0,1,2,2,2,0,0,,4,3,2,2,2,2,2,
B,77,2,,1,0,0,0,1,1,1,1,"Mixed veg, berry, orchard",1,,3,4,4,4,4,2,2,1,2,2,1,1,0,2,,4,4,1,2,1,2,2,0,0,0,2,,4,4,2,2,1,2,2,0,0,0,2,,4,4,1,1,1,1,2,0,0,0,2,,4,5,1,2,2,2,2,
B,78,6,,NA,NA,NA,NA,NA,NA,NA,NA,,3,,2,4,5,5,1,1,1,1,2,2,2,2,0,1,Looks great!,4,1,1,0,0,0,2,1,2,0,1,,4,1,0,2,0,0,2,1,1,0,1,,5,5,2,2,1,1,2,2,2,0,1,,4,5,1,2,2,2,2,Great work!
B,79,4,,0,1,1,1,1,1,1,1,Incubator,3,"Hudson Valley, NY",4,4,4,4,4,1,1,1,1,2,2,1,0,0,,3,2,0,0,1,1,2,2,2,1,1,Maybe better to not have the field in cultivation to begin with.,4,4,1,2,1,2,2,2,2,0,0,,3,4,0,2,0,2,2,1,2,0,0,,4,3,1,2,2,2,2,Thanks!
B,80,2,,1,0,0,0,1,0,0,0,,1,,3,4,3,4,4,1,1,1,1,1,1,1,1,2,,4,NA,NA,NA,NA,NA,NA,NA,NA,NA,NA,,NA,4,1,1,1,1,1,1,1,1,2,,NA,NA,NA,NA,NA,NA,NA,NA,NA,NA,NA,,NA,NA,NA,NA,NA,NA,NA,
B,81,1,,1,0,0,0,0,0,0,0,,2,,3,4,4,4,4,NA,NA,NA,NA,NA,NA,NA,NA,NA,,NA,NA,NA,NA,NA,NA,NA,NA,NA,NA,NA,,NA,NA,NA,NA,NA,NA,NA,NA,NA,NA,NA,,NA,NA,NA,NA,NA,NA,NA,NA,NA,NA,NA,,NA,NA,NA,NA,NA,NA,NA,
B,82,1,,0,1,0,1,1,0,0,0,,1,,3,3,4,5,4,0,0,0,1,2,2,2,0,0,,4,4,0,0,0,1,2,0,2,0,0,,4,4,0,0,0,0,2,0,2,0,2,,3,4,0,1,0,1,2,0,0,0,0,,4,3,1,2,2,2,2,
B,83,4,,NA,NA,NA,NA,NA,NA,NA,NA,,1,,4,4,4,3,3,1,0,,0,1,,2,0,0,,1,2,0,2,0,2,2,1,1,2,NA,drain tile = not a good idea,4,2,0,0,0,0,2,0,0,1,0,requires too many permits,2,2,0,0,0,0,1,0,0,2,,,2,3,1,1,0,1,2,
B,84,2,,1,0,0,0,1,0,0,0,,2,,3,4,3,4,4,1,2,0,2,1,1,0,0,1,,3,2,0,0,0,0,2,0,0,1,2,,5,5,1,1,1,1,2,2,0,0,1,If a wet area is already there it could be used,5,5,1,1,1,1,2,1,0,0,1,Also--trees could be left when starting a new field,4,4,2,1,0,2,1,Great ideas with the retention pond and silvopasture!
,,,,NA,NA,NA,NA,NA,NA,NA,NA,,,,NA,NA,NA,NA,NA,NA,NA,NA,NA,NA,NA,NA,NA,NA,,NA,NA,NA,NA,NA,NA,NA,NA,NA,NA,NA,,NA,NA,NA,NA,NA,NA,NA,NA,NA,NA,NA,,NA,NA,NA,NA,NA,NA,NA,NA,NA,NA,NA,,NA,NA,NA,NA,NA,NA,NA,
B,85,2,,1,0,0,0,1,0,0,0,,2,,4,4,4,5,4,0,,0,,2,2,2,0,NA,,5,5,0,NA,0,NA,NA,NA,NA,NA,NA,,4,4,0,,0,NA,NA,NA,NA,NA,NA,,5,5,0,NA,0,,NA,NA,NA,NA,NA,,4,5,2,2,2,2,2,
B,86,6,,NA,NA,NA,NA,NA,NA,NA,NA,,2,,2,4,4,4,4,0,0,0,0,1,1,2,0,1,,5,4,0,0,0,1,2,1,2,0,0,,4,5,0,0,0,1,2,2,1,0,0,,4,5,0,2,0,2,2,2,1,0,1,,4,3,1,2,2,2,2,
B,87,6,,NA,NA,NA,NA,NA,NA,NA,NA,,3,Connecticut,3,4,4,4,4,0,0,1,1,2,1,0,2,NA,,4,4,0,1,1,1,2,1,0,0,2,,4,3,1,0,1,1,1,0,0,0,NA,,5,4,1,1,1,0,0,NA,NA,0,2,,4,6,1,2,2,2,2,
B,88,6,,NA,NA,NA,NA,NA,NA,NA,NA,,5,Pennsylvania,2,4,4,NA,NA,NA,NA,NA,NA,NA,NA,NA,NA,NA,,NA,NA,NA,NA,NA,NA,NA,NA,NA,NA,NA,,NA,NA,NA,NA,NA,NA,NA,NA,NA,NA,NA,,NA,NA,NA,NA,NA,NA,NA,NA,NA,NA,NA,,NA,NA,NA,NA,NA,NA,NA,
B,89,6,,0,1,0,0,0,0,0,0,,3,,4,4,4,4,4,1,1,1,1,1,1,1,1,1,,2,4,1,1,1,1,1,1,1,1,1,,5,3,1,1,1,1,1,1,1,1,1,,3,3,1,1,1,1,1,1,1,1,1,,4,4,2,2,2,2,2,
B,90,6,,NA,NA,NA,NA,NA,NA,NA,NA,,3,,2,4,4,3,2,1,0,0,0,1,0,1,0,0,,3,3,NA,NA,NA,NA,NA,NA,NA,NA,NA,,NA,NA,NA,NA,NA,NA,NA,NA,NA,NA,NA,,NA,NA,NA,NA,NA,NA,NA,NA,NA,NA,NA,,NA,NA,NA,NA,NA,NA,NA,
B,91,6,,NA,NA,NA,NA,NA,NA,NA,NA,,3,,2,NA,NA,NA,NA,NA,NA,NA,NA,NA,NA,NA,NA,NA,,NA,NA,NA,NA,NA,NA,NA,NA,NA,NA,NA,,NA,NA,NA,NA,NA,NA,NA,NA,NA,NA,NA,,NA,NA,NA,NA,NA,NA,NA,NA,NA,NA,NA,,NA,NA,NA,NA,NA,NA,NA,
C,93,2,,1,0,0,1,0,0,0,0,,2,,3,4,4,5,5,1,2,2,2,2,1,1,0,0,,5,5,0,1,0,1,2,1,1,0,1,,5,5,0,0,0,0,2,1,1,0,1,,5,5,2,2,1,2,2,1,1,0,0,,4,4,2,2,2,2,2,"Climate change has always been happening and always will. Adaptation is not new. Most of the problems that need fixing we, as humans, created. There are places that should not be farmed."
C,94,3,,NA,NA,NA,NA,NA,NA,NA,NA,,1,,4,4,4,5,5,1,2,0,0,2,1,1,0,0,,3,4,1,1,0,0,2,1,1,0,0,Mixed feelings. Where does the P go?,5,5,1,2,1,1,2,1,0,0,0,,2,2,2,0,1,1,0,0,0,2,0,"Don't agree with silvopasture, not a fan",4,4,1,2,2,2,0,
C,95,3,,NA,NA,NA,NA,NA,NA,NA,NA,,1,,4,4,5,5,4,1,2,2,2,2,0,1,0,0,Tough for people to give up valuable cropland and shading sources for livestock.,3,3,0,0,1,0,2,0,0,1,0,Tile drainage and its capacity for nutrient loading is still under scrutiny--not sure yet if constructed wetlands would be enough,4,4,1,2,1,2,2,0,0,1,0,,4,3,0,1,1,0,2,1,0,1,0,,4,4,2,2,2,2,2,
C,96,6,,NA,NA,NA,NA,NA,NA,NA,NA,,2,,4,4,5,4,3,0,0,0,0,1,1,0,1,1,,4,3,0,0,0,0,1,2,0,0,0,Shows results but no process. Where is the wetland? Can that small wetland handle all that drainage?,4,4,0,0,0,0,2,1,1,0,0,,3,4,0,0,0,0,2,0,0,0,0,,4,6,2,2,2,2,2,
C,97,1,,1,1,1,0,0,0,0,0,,2,,2,2,2,3,4,1,2,0,2,1,2,2,1,1,,3,4,0,0,0,0,0,1,1,1,1,,3,4,0,0,0,0,0,1,1,2,1,,2,4,1,0,0,0,0,1,1,2,2,,4,2,1,1,2,0,0,
C,100,3,,NA,NA,NA,NA,NA,NA,NA,NA,,3,,4,4,4,4,4,1,0,0,0,1,1,1,0,NA,,4,4,1,0,1,1,0,1,1,1,NA,,4,4,0,0,0,0,1,1,0,0,NA,,4,4,0,0,0,1,1,1,1,1,NA,,4,5,1,2,2,2,2,
C,101,1,,1,1,1,0,0,0,0,0,,1,,3,3,3,3,4,0,1,0,1,2,0,2,0,0,,3,4,0,1,0,1,2,1,0,0,0,,3,4,0,1,0,1,2,0,0,0,0,,3,4,0,1,0,1,2,0,0,0,0,,4,3,1,2,2,2,2,
C,102,4,,NA,NA,NA,NA,NA,NA,NA,NA,,2,,3,4,4,5,5,0,1,1,1,2,0,1,0,0,,5,5,0,2,1,2,2,0,1,NA,NA,,3,3,1,0,1,0,1,0,0,2,1,Not sure if it is a BMP,3,3,2,1,2,1,2,0,0,1,1,"If cows are grazing underneath trees, the saplings that are coming up will be eaten so you're really have to limit them to pastures to let young trees grow and have successional forest over many years",3,5,1,2,2,1,1,
C,103,7,Vendor,NA,NA,NA,NA,NA,NA,NA,NA,,1,,2,2,2,4,3,0,0,0,0,1,1,1,1,1,,3,3,0,0,0,0,1,0,0,1,1,,4,4,0,0,0,0,1,0,0,1,1,,4,4,0,0,0,0,1,0,0,1,1,,4,4,2,2,2,2,2,
D,104,4,,NA,NA,NA,NA,NA,NA,NA,NA,,1,,4,4,3,4,5,0,2,2,2,2,0,0,1,1,,5,3,0,0,2,2,2,0,0,0,0,,5,4,0,0,0,0,2,0,0,0,0,,3,3,2,2,0,0,2,0,0,1,1,,4,4,1,2,2,2,1,Have a training to teach extension agents how to do this!
D,105,3,,NA,NA,NA,NA,NA,NA,NA,NA,,1,,2,4,5,4,4,2,2,1,1,2,2,2,1,1,,4,4,0,1,0,1,1,0,0,0,0,,4,3,1,2,1,2,2,2,2,1,1,,3,3,1,2,1,2,2,2,2,1,1,,4,3,1,2,2,2,1,
D,106,3,,NA,NA,NA,NA,NA,NA,NA,NA,,2,,4,4,5,5,4,0,1,0,1,1,1,1,1,0,,5,5,0,0,0,0,1,2,1,0,0,,4,4,0,0,0,0,1,0,0,1,0,,5,5,1,1,0,0,2,0,0,0,0,,4,6,2,2,2,2,2,
D,108,1,,1,0,1,0,0,0,0,0,,1,,3,1,2,2,3,0,0,0,0,1,1,,2,0,,2,2,0,0,0,0,1,1,1,1,1,,3,2,0,0,0,0,0,1,1,1,1,,2,3,0,0,0,0,0,1,1,1,1,,3,2,2,0,0,0,0,
D,109,1,,1,0,1,0,0,0,0,0,,2,,4,4,4,3,4,2,2,2,2,2,2,1,0,0,Sacrificed land,4,4,0,0,0,0,2,2,2,0,0,,4,4,0,0,0,0,1,1,1,0,0,,4,4,0,0,0,0,2,2,2,0,0,,4,3,1,NA,NA,NA,NA,
D,110,3,,0,0,1,1,0,0,0,0,,2,,3,4,3,4,5,0,1,2,2,1,1,1,0,1,,5,5,1,2,1,1,1,2,2,0,1,,4,5,0,0,0,0,1,1,1,0,1,,4,5,0,1,0,0,1,1,1,1,1,,4,4,1,2,2,2,1,Nice work very clear photos
D,111,1,,1,0,1,0,0,0,0,0,,3,,3,2,2,3,NA,NA,NA,NA,NA,NA,NA,NA,NA,NA,,NA,NA,NA,NA,NA,NA,NA,NA,NA,NA,NA,,NA,NA,NA,NA,NA,NA,NA,NA,NA,NA,NA,,NA,NA,NA,NA,NA,NA,NA,NA,NA,NA,NA,,NA,2,1,NA,NA,NA,NA,
D,112,6,,NA,NA,NA,NA,NA,NA,NA,NA,,2,,3,4,4,4,4,1,0,1,0,2,1,1,0,0,,4,4,1,0,1,0,2,1,1,0,0,,4,4,2,2,1,0,2,0,1,0,0,,5,5,2,2,2,2,2,1,NA,0,0,,4,4,1,2,2,2,2,
D,113,3,,NA,NA,NA,NA,NA,NA,NA,NA,,2,,2,3,5,4,4,1,1,1,1,1,1,1,1,1,,4,4,1,1,1,1,1,1,1,1,1,,4,4,0,0,1,1,1,1,1,0,1,,4,4,1,1,1,1,0,1,1,1,1,,4,3,1,1,2,2,2,
E,115,1,,1,1,1,0,0,0,0,0,,1,,2,4,4,5,5,0,2,0,0,2,2,2,0,0,,5,4,0,2,0,2,2,0,2,0,0,,5,5,NA,NA,NA,NA,NA,NA,NA,NA,NA,Do Not Know,5,5,NA,NA,NA,NA,NA,NA,NA,NA,NA,Do not know,4,3,1,2,2,2,2,Need some sort of federal/state funding to make any of these things a reality. Most I have already done.
E,116,4,,NA,NA,NA,NA,NA,NA,NA,NA,,2,,3,4,4,5,4,0,2,0,2,2,1,1,0,0,,3,4,0,0,0,0,2,0,1,0,0,I have mixed feelings. Tile drainage may not be appropriate in all situations,5,4,0,0,0,0,0,0,0,0,0,,3,3,0,0,0,0,2,0,0,0,NA,,4,4,1,1,2,2,1,
E,117,1,,1,1,1,0,0,0,0,0,,2,,2,3,3,4,4,1,1,0,0,2,1,1,0,0,,4,4,1,1,1,2,2,1,1,0,0,,4,4,1,1,1,1,2,1,1,0,0,,4,4,0,0,0,1,2,1,1,0,0,,4,3,1,2,2,2,2,
E,118,4,,NA,NA,NA,NA,NA,NA,NA,NA,,1,,3,3,5,4,4,0,0,0,0,2,0,0,1,0,,3,3,0,1,0,1,0,0,0,1,1,,3,3,0,0,0,1,0,0,0,1,1,,3,3,1,1,1,1,0,0,0,1,1,,3,3,1,2,2,2,2,
E,119,1,,0,1,1,0,0,0,0,0,,2,,3,3,3,4,4,0,0,0,0,1,1,1,0,1,,4,4,0,0,0,0,1,0,1,0,1,,4,4,0,0,0,0,1,0,1,1,1,,3,3,0,0,0,0,1,1,1,1,1,,3,3,2,1,1,1,1,
E,120,4,,NA,NA,NA,NA,NA,NA,NA,NA,,1,,3,3,5,4,4,0,0,0,0,2,1,1,0,0,,4,4,0,0,0,0,2,1,1,0,0,,4,4,0,0,0,1,1,0,0,1,1,"Loss of production areas , are there cheaper alternatives?",3,4,0,0,NA,NA,2,NA,0,1,1,,4,3,2,2,2,1,1,
E,121,3,,NA,NA,NA,NA,NA,NA,NA,NA,,2,,4,4,4,4,2,2,2,2,2,2,2,2,0,0,"Difficult to fit in VT's narrow valleys. A hayable grass buffer is a good option for removing nutrients. Grazing increases streambank stability and H2O quality. Not wide enough--35' minimum, needs 50' at this site, need to remove corn and replace with trees.",4,2,0,0,0,0,2,0,0,1,0,Choosing an appropriate crop and management changes can have a similar outcome without encouraging substructure drainage of P & N,4,4,0,0,0,0,2,0,0,1,0,,5,4,2,2,2,0,2,0,0,0,0,Best option for carbon sequestration and food production globally,4,6,2,0,1,2,2,Great work--really appreciate the visualizations--would be helpful for farmers I think.
E,122,1,,1,0,1,0,0,0,0,0,,1,,3,2,1,3,3,0,0,0,0,0,0,1,0,0,,3,3,0,0,0,0,0,0,1,0,1,,4,3,0,0,0,0,0,0,0,0,1,,3,3,1,1,1,1,1,1,1,1,2,,5,3,1,0,1,2,1,
E,123,1,,1,0,0,1,0,0,0,0,,3,,2,2,4,1,4,1,1,1,1,1,1,1,1,1,,1,1,1,1,1,1,1,1,1,1,1,,1,1,1,1,1,1,1,1,1,1,1,,2,1,1,1,1,1,1,1,1,1,1,,2,5,2,2,2,2,2,
E,124,4,,NA,NA,NA,NA,NA,NA,NA,NA,,2,,3,3,4,5,5,0,0,0,0,2,0,2,0,0,,3,4,0,0,0,0,2,0,0,2,0,Dissolved P will be difficult to manage. Constructed wetlands have a finite capacity to assimilate nutrients.,3,4,0,0,0,0,2,0,0,1,0,At what scale do you envision this being implemented? Can this really be effective at dealing with non-point source pollution from ag landscapes?,3,3,1,0,0,0,2,0,0,1,0,,4,3,1,2,0,2,1,I think visual communication and the design disciplines have a lot to offer. It would be great to see more of this kind of work happen and be used to communicate the importance of natural resource protection.
E,125,1,,1,0,1,0,0,0,0,0,,1,,3,2,1,3,3,0,0,0,0,0,0,0,1,0,,4,3,0,0,0,0,0,0,1,0,1,,4,3,0,0,0,0,0,0,0,0,1,,3,3,1,1,1,1,1,1,1,1,2,,3,2,1,0,1,2,1,Very useful.
E,126,1,,0,0,1,0,0,0,0,0,,1,,3,3,3,5,4,0,1,2,2,2,2,2,0,0,People understanding species differential and future savings/income,4,4,0,1,0,1,2,2,2,0,0,Ideal condition vs. nutrient loss,3,4,0,2,0,2,2,2,2,0,1,Alternatives,3,4,1,1,1,1,2,2,2,1,0,Many added variables to deal with that are unseen in both day to day/seasonal situation that would prove costly.,4,3,2,NA,NA,NA,NA,"Instead of advertising on a climate change aspect, involve and associate program and profitability as a drawing catalyst for farmers to adapt their plans…afterwards you can whisper in their ear they made a conscious choice for the environment."
E,127,1,,1,1,1,0,0,0,0,0,,2,,4,4,4,4,4,0,0,2,2,2,0,0,0,0,,4,4,0,0,0,1,2,0,0,0,NA,,3,3,1,1,1,1,0,0,0,1,2,,2,3,0,2,0,0,2,0,0,1,NA,,3,3,2,NA,1,NA,NA,Increasing grasslands are more effective than silvopasture as grass is capable of storing more soil carbon. We do not lack forested acres or trees in VT.
E,128,1,,1,0,1,1,1,0,0,0,,3,,3,4,4,1,5,0,0,0,0,2,0,1,0,0,,5,5,0,0,0,0,2,0,0,0,0,,5,5,0,0,0,0,2,0,0,0,0,,5,5,2,2,0,2,2,2,2,0,0,,4,5,2,2,2,2,2,
E,129,1,,0,0,1,0,0,0,0,1,Processing plant,2,,3,4,4,1,4,1,2,2,2,2,2,1,0,1,,4,4,0,0,0,0,2,1,1,1,0,Pictures of hay/corn/crop fields would be helpful.,4,4,1,0,0,1,1,1,1,0,0,,4,4,1,2,1,2,2,2,2,0,0,,3,3,2,2,2,1,1,
E,130,4,,NA,NA,NA,NA,NA,NA,NA,NA,,1,,3,4,5,5,5,1,2,1,2,2,2,1,0,0,,4,4,0,0,0,0,2,0,1,0,0,,4,4,0,2,0,0,2,0,1,0,0,,4,4,0,0,0,0,2,1,1,0,0,,4,3,2,2,2,2,2,
E,131,1,,1,1,1,0,0,0,0,0,,1,,4,3,3,5,3,1,1,0,0,2,1,1,0,2,,4,3,1,1,0,0,2,1,1,0,2,,4,5,0,0,1,1,2,1,2,0,2,,4,5,1,1,1,1,2,1,2,0,1,,4,3,2,2,2,2,2,
E,132,1,,0,1,1,0,0,0,0,0,,1,,2,4,4,4,4,0,0,0,0,1,1,1,0,1,,4,4,0,0,0,0,NA,NA,NA,NA,NA,,4,4,0,0,0,0,2,1,1,0,NA,,4,4,0,0,0,0,NA,NA,NA,NA,NA,,4,3,1,2,2,2,2,
E,133,4,,NA,NA,NA,NA,NA,NA,NA,NA,,3,,4,4,5,5,3,2,1,1,1,2,2,2,0,NA,,4,3,1,1,1,2,2,2,2,0,0,,4,3,1,1,1,2,2,2,2,0,0,,4,3,1,1,1,1,2,2,2,0,0,,3,3,2,2,2,2,2,I am already pretty familiar with these practices so the visuals weren't as impactful for me as it may be for others.
E,134,1,,1,1,1,0,0,0,0,0,,1,,3,3,3,4,4,NA,NA,0,NA,NA,0,NA,NA,NA,,4,4,0,NA,0,NA,NA,0,0,0,0,,4,4,0,0,0,0,NA,0,0,NA,NA,,4,4,0,0,0,0,0,0,0,NA,NA,,4,3,1,2,2,2,1,
E,135,1,,1,1,1,0,0,0,0,0,,1,,3,4,4,4,4,0,1,0,0,2,1,1,0,0,,4,4,0,1,0,1,2,1,1,0,0,,4,4,0,1,0,2,2,1,1,0,0,,4,4,0,1,0,1,2,1,1,0,0,,4,4,2,2,2,2,2,
E,136,1,,1,1,1,0,0,0,0,0,,1,,3,3,3,5,4,1,2,1,1,2,2,1,1,1,,4,4,1,1,0,1,2,1,1,0,0,,4,4,1,1,1,1,2,1,1,0,0,,4,4,1,1,1,1,2,1,1,0,0,,4,4,2,2,2,2,2,
F,137,1,,1,0,0,1,1,0,0,1,Grain,3,,3,4,4,4,4,0,1,0,1,2,2,2,0,2,,4,4,0,2,0,2,2,0,2,0,0,,4,4,0,0,0,0,2,0,2,0,1,,4,4,0,1,0,1,2,2,2,0,0,,4,5,1,2,2,2,2,
F,138,1,,0,1,0,1,0,0,0,0,,3,,5,4,4,5,5,2,2,1,2,1,1,1,1,1,,4,5,0,2,0,1,1,1,1,0,0,,5,5,0,0,0,1,1,1,1,1,1,,5,5,1,0,0,0,2,1,1,0,0,,4,4,2,2,2,2,2,
F,139,1,,0,1,0,0,0,0,0,1,Grain,2,,2,3,3,4,4,0,1,0,1,1,1,0,0,0,,4,4,0,1,0,0,1,0,1,0,0,,4,4,0,1,0,1,1,1,1,0,1,,4,4,0,0,1,1,1,0,0,0,1,,4,4,2,2,2,2,2,
F,140,2,Owner of farm,1,0,0,1,0,0,0,1,"Grapes, Bees",1,,2,4,4,5,5,2,2,2,1,2,2,2,0,0,,5,5,0,1,0,1,1,1,2,0,0,,5,5,1,1,1,1,2,2,2,0,0,,5,5,0,0,0,0,2,1,2,0,0,,4,3,2,2,2,2,2,"Very interesting. We have incorporated some of these processes already but I am more motivated nom to consider some of the others, like tile drainage and silvopasture"
F,141,7,Mini-farm/work with farmers,1,0,0,0,0,0,0,1,Hay/Farro,2,,2,4,4,1,4,0,1,0,1,2,0,0,0,1,,4,4,0,0,0,0,2,0,0,0,0,,4,3,0,0,0,0,0,0,0,1,1,,3,4,0,1,0,0,2,0,0,1,NA,,4,3,1,2,2,2,2,
F,142,7,Retired farmer,1,0,1,0,0,0,0,0,,1,,4,4,4,4,4,0,0,0,0,1,1,1,0,0,,5,NA,NA,NA,NA,NA,NA,NA,NA,NA,NA,,NA,4,0,0,0,0,1,1,1,0,0,,3,4,0,0,0,0,1,1,1,0,0,,4,4,1,2,2,2,2,
F,143,7,Woodsman,1,0,0,0,0,0,0,0,,2,,3,4,4,5,4,1,2,1,2,2,1,2,0,0,,5,5,1,2,1,1,2,NA,2,0,0,,5,5,2,2,2,2,2,2,2,0,0,,NA,NA,NA,NA,NA,NA,NA,NA,NA,NA,NA,,NA,NA,NA,NA,NA,NA,NA,
F,146,1,,1,1,0,0,0,0,0,1,Grain,3,,4,4,4,5,3,0,1,1,2,2,0,0,0,0,,5,3,0,2,0,2,2,0,1,0,0,,3,3,NA,NA,NA,NA,NA,0,NA,NA,NA,Government regulations difficult,2,3,NA,NA,NA,NA,NA,NA,NA,NA,NA,,4,4,1,2,2,1,1,
F,147,7,Grain Gardener,NA,NA,NA,NA,NA,NA,NA,NA,,2,,3,4,4,5,3,1,2,1,2,2,2,2,0,2,,5,4,0,1,0,1,1,0,0,0,1,,5,4,0,2,0,2,2,1,1,0,2,,5,2,0,2,0,2,2,2,2,0,2,,4,4,1,2,2,2,2,
F,149,1,,1,0,0,1,0,0,0,1,"Wheat, grapes, pawpaws",3,,3,2,2,3,4,1,1,1,0,2,2,1,NA,2,,4,4,1,1,0,0,2,2,2,1,1,My farm is on top of a hill and there are no flooding issues.,3,3,0,0,0,0,0,0,0,1,2,The Massachusetts DEP might have issues and prosecute the landowner for wetlands mismanagement.,3,3,0,0,0,0,0,0,0,1,2,"There are many trees on my farm already, we need to manage our woodlands with thinning and removal of invasives.",3,2,1,0,2,2,0,I like Vermont pastures while driving.
